File Name,Prediction,Actual
020221_430825_01_01.tif,lsa,ln_reactive
020221_430825_01_02.tif,lsa,ln_reactive
020221_430825_01_04.tif,lsa,ln_reactive
020221_430825_01_05.tif,lsa,ln_reactive
020221_430825_01_06.tif,lsa,ln_reactive
020221_430825_01_08.tif,lsa,ln_reactive
020221_430825_01_09.tif,lsa,ln_reactive
021521_433130_07.tif,lsa,ln_reactive
032321_402737_01.tif,lsa,ln_reactive
032321_402737_02.tif,lsa,ln_reactive
032321_402737_03.tif,lsa,ln_reactive
032321_402737_04.tif,lsa,ln_reactive
032321_402737_05.tif,lsa,ln_reactive
032321_402737_06.tif,lsa,ln_reactive
032321_402737_09.tif,lsa,ln_reactive
051121_279883_02.tif,lsa,ln_reactive
051121_279883_03.tif,lsa,ln_reactive
051121_279883_06.tif,lsa,ln_reactive
051121_279883_10.tif,lsa,ln_reactive
061421_403528LIG_09.tif,lsa,ln_reactive
040521_437200_01.tif,ln_reactive,lsa
040521_437200_02.tif,ln_reactive,lsa
040521_437200_03.tif,ln_reactive,lsa
040521_437200_04.tif,ln_reactive,lsa
040521_437200_05.tif,ln_reactive,lsa
040521_437200_06.tif,ln_reactive,lsa
040521_437200_07.tif,ln_reactive,lsa
040521_437200_08.tif,ln_reactive,lsa
040521_437200_09.tif,ln_reactive,lsa
050318_288009_02.tif,ln_reactive,lsa
050318_288009_03.tif,ln_reactive,lsa
050318_288009_05.tif,ln_reactive,lsa
050318_288009_06.tif,ln_reactive,lsa
050318_288009_08.tif,ln_reactive,lsa
050318_288009_09.tif,ln_reactive,lsa
062321_305454_02.tif,ln_reactive,lsa
062321_305454_03.tif,ln_reactive,lsa
062321_305454_06.tif,ln_reactive,lsa
062321_305454_07.tif,ln_reactive,lsa
062321_305454_08.tif,ln_reactive,lsa
062321_305454_10.tif,ln_reactive,lsa
