File Name,Prediction,Actual
020221_430825_01_01.tif,lsa,ln_reactive
020221_430825_01_02.tif,lsa,ln_reactive
020221_430825_01_03.tif,lsa,ln_reactive
020221_430825_01_04.tif,lsa,ln_reactive
020221_430825_01_05.tif,lsa,ln_reactive
020221_430825_01_06.tif,lsa,ln_reactive
020221_430825_01_08.tif,lsa,ln_reactive
020221_430825_01_09.tif,lsa,ln_reactive
020221_430825_01_10.tif,lsa,ln_reactive
020221_430825_02.tif,lsa,ln_reactive
021521_433130_02.tif,lsa,ln_reactive
021521_433130_05.tif,lsa,ln_reactive
021521_433130_06.tif,lsa,ln_reactive
021521_433130_07.tif,lsa,ln_reactive
032321_402737_01.tif,lsa,ln_reactive
032321_402737_02.tif,lsa,ln_reactive
032321_402737_03.tif,lsa,ln_reactive
032321_402737_05.tif,lsa,ln_reactive
032321_402737_06.tif,lsa,ln_reactive
032321_402737_07.tif,lsa,ln_reactive
032321_402737_09.tif,lsa,ln_reactive
042921_439393_01_01.tif,lsa,ln_reactive
042921_439393_01_05.tif,lsa,ln_reactive
042921_439393_04.tif,lsa,ln_reactive
042921_439393_09.tif,lsa,ln_reactive
051121_279883_01.tif,lsa,ln_reactive
051121_279883_02.tif,lsa,ln_reactive
051121_279883_04.tif,lsa,ln_reactive
051121_279883_05.tif,lsa,ln_reactive
051121_279883_08.tif,lsa,ln_reactive
051121_279883_09.tif,lsa,ln_reactive
051121_279883_10.tif,lsa,ln_reactive
060121_422357_03.tif,lsa,ln_reactive
060121_422357_08.tif,lsa,ln_reactive
060121_422357_09.tif,lsa,ln_reactive
060121_422357_10.tif,lsa,ln_reactive
060221_405236_01.tif,lsa,ln_reactive
060221_405236_02.tif,lsa,ln_reactive
060221_405236_03.tif,lsa,ln_reactive
060221_405236_04.tif,lsa,ln_reactive
060221_405236_05.tif,lsa,ln_reactive
060221_405236_06.tif,lsa,ln_reactive
060221_405236_07.tif,lsa,ln_reactive
060221_405236_09.tif,lsa,ln_reactive
060221_405236_10.tif,lsa,ln_reactive
061421_403528LIG_02.tif,lsa,ln_reactive
061421_403528LIG_03.tif,lsa,ln_reactive
061421_403528LIG_05.tif,lsa,ln_reactive
061421_403528LIG_09.tif,lsa,ln_reactive
063021_439418RM_04.tif,lsa,ln_reactive
063021_439418RM_05.tif,lsa,ln_reactive
040521_437200_01.tif,ln_reactive,lsa
040521_437200_05.tif,ln_reactive,lsa
040521_437200_06.tif,ln_reactive,lsa
040521_437200_07.tif,ln_reactive,lsa
040521_437200_09.tif,ln_reactive,lsa
062321_305454_06.tif,ln_reactive,lsa
062321_305454_07.tif,ln_reactive,lsa
062321_305454_08.tif,ln_reactive,lsa
062321_305454_09.tif,ln_reactive,lsa
062321_305454_10.tif,ln_reactive,lsa
