File Name,Prediction,Actual
020221_430825_01_02.tif,lsa,ln_reactive
020221_430825_01_03.tif,lsa,ln_reactive
020221_430825_01_04.tif,lsa,ln_reactive
020221_430825_01_05.tif,lsa,ln_reactive
020221_430825_01_06.tif,lsa,ln_reactive
020221_430825_01_08.tif,lsa,ln_reactive
020221_430825_01_09.tif,lsa,ln_reactive
020221_430825_01_10.tif,lsa,ln_reactive
020221_430825_02.tif,lsa,ln_reactive
020221_430825_03.tif,lsa,ln_reactive
020221_430825_05.tif,lsa,ln_reactive
020221_430825_08.tif,lsa,ln_reactive
020221_430825_09.tif,lsa,ln_reactive
021021_284409_01.tif,lsa,ln_reactive
021021_284409_02.tif,lsa,ln_reactive
021021_284409_03.tif,lsa,ln_reactive
021021_284409_04.tif,lsa,ln_reactive
021021_284409_05.tif,lsa,ln_reactive
021021_284409_06.tif,lsa,ln_reactive
021021_284409_07.tif,lsa,ln_reactive
021021_284409_08.tif,lsa,ln_reactive
021021_284409_09.tif,lsa,ln_reactive
021021_284409_10.tif,lsa,ln_reactive
021521_433130_06.tif,lsa,ln_reactive
032321_402737_09.tif,lsa,ln_reactive
032321_402737_10.tif,lsa,ln_reactive
051121_279883_02.tif,lsa,ln_reactive
051121_279883_04.tif,lsa,ln_reactive
060221_405236_07.tif,lsa,ln_reactive
060221_405236_10.tif,lsa,ln_reactive
061421_403528LIG_01.tif,lsa,ln_reactive
061421_403528LIG_02.tif,lsa,ln_reactive
061421_403528LIG_03.tif,lsa,ln_reactive
061421_403528LIG_04.tif,lsa,ln_reactive
061421_403528LIG_05.tif,lsa,ln_reactive
061421_403528LIG_06.tif,lsa,ln_reactive
061421_403528LIG_07.tif,lsa,ln_reactive
061421_403528LIG_08.tif,lsa,ln_reactive
061421_403528LIG_09.tif,lsa,ln_reactive
061421_403528LIG_10.tif,lsa,ln_reactive
061421_403528LMI_01.tif,lsa,ln_reactive
031021_305454_04.tif,ln_reactive,lsa
040521_437200_01.tif,ln_reactive,lsa
040521_437200_05.tif,ln_reactive,lsa
040521_437200_06.tif,ln_reactive,lsa
040521_437200_07.tif,ln_reactive,lsa
040521_437200_09.tif,ln_reactive,lsa
041223_314113LIG_08.tif,ln_reactive,lsa
050318_288009_05.tif,ln_reactive,lsa
050318_288009_06.tif,ln_reactive,lsa
050318_288009_09.tif,ln_reactive,lsa
062321_305454_02.tif,ln_reactive,lsa
062321_305454_04.tif,ln_reactive,lsa
062321_305454_06.tif,ln_reactive,lsa
062321_305454_07.tif,ln_reactive,lsa
062321_305454_10.tif,ln_reactive,lsa
