File Name,Prediction,Actual
011121_383704_02.tif,lsa,ln_reactive
020221_430825_02.tif,lsa,ln_reactive
020221_430825_03.tif,lsa,ln_reactive
020221_430825_05.tif,lsa,ln_reactive
020221_430825_07.tif,lsa,ln_reactive
020221_430825_08.tif,lsa,ln_reactive
020221_430825_09.tif,lsa,ln_reactive
021021_284409_01.tif,lsa,ln_reactive
021021_284409_02.tif,lsa,ln_reactive
021021_284409_03.tif,lsa,ln_reactive
021021_284409_04.tif,lsa,ln_reactive
021021_284409_05.tif,lsa,ln_reactive
021021_284409_06.tif,lsa,ln_reactive
021021_284409_08.tif,lsa,ln_reactive
021021_284409_09.tif,lsa,ln_reactive
021021_284409_10.tif,lsa,ln_reactive
032321_402737_01.tif,lsa,ln_reactive
032321_402737_02.tif,lsa,ln_reactive
032321_402737_03.tif,lsa,ln_reactive
032321_402737_04.tif,lsa,ln_reactive
032321_402737_05.tif,lsa,ln_reactive
032321_402737_06.tif,lsa,ln_reactive
032321_402737_07.tif,lsa,ln_reactive
032321_402737_08.tif,lsa,ln_reactive
032321_402737_09.tif,lsa,ln_reactive
032321_402737_10.tif,lsa,ln_reactive
042921_439393_01_05.tif,lsa,ln_reactive
042921_439393_02.tif,lsa,ln_reactive
042921_439393_04.tif,lsa,ln_reactive
042921_439393_05.tif,lsa,ln_reactive
042921_439393_07.tif,lsa,ln_reactive
042921_439393_09.tif,lsa,ln_reactive
051121_279883_01.tif,lsa,ln_reactive
051121_279883_02.tif,lsa,ln_reactive
051121_279883_03.tif,lsa,ln_reactive
051121_279883_04.tif,lsa,ln_reactive
051121_279883_05.tif,lsa,ln_reactive
051121_279883_06.tif,lsa,ln_reactive
051121_279883_07.tif,lsa,ln_reactive
051121_279883_10.tif,lsa,ln_reactive
060121_422357_01.tif,lsa,ln_reactive
060121_422357_03.tif,lsa,ln_reactive
060121_422357_04.tif,lsa,ln_reactive
060121_422357_05.tif,lsa,ln_reactive
060121_422357_07.tif,lsa,ln_reactive
060121_422357_08.tif,lsa,ln_reactive
060121_422357_09.tif,lsa,ln_reactive
060121_422357_10.tif,lsa,ln_reactive
061421_403528LIG_02.tif,lsa,ln_reactive
061421_403528LIG_09.tif,lsa,ln_reactive
061421_403528LIG_10.tif,lsa,ln_reactive
061421_403528LMI_01.tif,lsa,ln_reactive
061421_403528LMI_07.tif,lsa,ln_reactive
061421_403528LMI_09.tif,lsa,ln_reactive
063021_439418RM_04.tif,lsa,ln_reactive
063021_439418RM_05.tif,lsa,ln_reactive
040521_437200_01.tif,ln_reactive,lsa
040521_437200_03.tif,ln_reactive,lsa
040521_437200_05.tif,ln_reactive,lsa
040521_437200_06.tif,ln_reactive,lsa
040521_437200_07.tif,ln_reactive,lsa
040521_437200_09.tif,ln_reactive,lsa
050318_288009_02.tif,ln_reactive,lsa
062321_305454_01.tif,ln_reactive,lsa
062321_305454_02.tif,ln_reactive,lsa
062321_305454_03.tif,ln_reactive,lsa
062321_305454_04.tif,ln_reactive,lsa
062321_305454_06.tif,ln_reactive,lsa
062321_305454_07.tif,ln_reactive,lsa
062321_305454_08.tif,ln_reactive,lsa
062321_305454_10.tif,ln_reactive,lsa
