File Name,Prediction,Actual
011121_383704_01_01.tif,lsa,ln_reactive
020221_430825_01_01.tif,lsa,ln_reactive
020221_430825_01_02.tif,lsa,ln_reactive
020221_430825_01_03.tif,lsa,ln_reactive
020221_430825_01_04.tif,lsa,ln_reactive
020221_430825_01_05.tif,lsa,ln_reactive
020221_430825_01_06.tif,lsa,ln_reactive
020221_430825_01_07.tif,lsa,ln_reactive
020221_430825_01_08.tif,lsa,ln_reactive
020221_430825_01_09.tif,lsa,ln_reactive
020221_430825_01_10.tif,lsa,ln_reactive
021021_315664_08.tif,lsa,ln_reactive
021521_433130_01.tif,lsa,ln_reactive
021521_433130_02.tif,lsa,ln_reactive
021521_433130_05.tif,lsa,ln_reactive
021521_433130_06.tif,lsa,ln_reactive
021521_433130_07.tif,lsa,ln_reactive
021521_433130_08.tif,lsa,ln_reactive
042921_439393_01_05.tif,lsa,ln_reactive
051121_279883_04.tif,lsa,ln_reactive
051121_279883_10.tif,lsa,ln_reactive
060121_422357_04.tif,lsa,ln_reactive
060221_405236_01.tif,lsa,ln_reactive
060221_405236_02.tif,lsa,ln_reactive
060221_405236_03.tif,lsa,ln_reactive
060221_405236_05.tif,lsa,ln_reactive
060221_405236_06.tif,lsa,ln_reactive
060221_405236_07.tif,lsa,ln_reactive
060221_405236_08.tif,lsa,ln_reactive
060221_405236_09.tif,lsa,ln_reactive
060221_405236_10.tif,lsa,ln_reactive
061421_403528LIG_02.tif,lsa,ln_reactive
061421_403528LIG_03.tif,lsa,ln_reactive
061421_403528LIG_06.tif,lsa,ln_reactive
061421_403528LIG_07.tif,lsa,ln_reactive
061421_403528LIG_09.tif,lsa,ln_reactive
061421_403528LIG_10.tif,lsa,ln_reactive
061421_403528LMI_05.tif,lsa,ln_reactive
040521_437200_01.tif,ln_reactive,lsa
040521_437200_05.tif,ln_reactive,lsa
040521_437200_06.tif,ln_reactive,lsa
040521_437200_09.tif,ln_reactive,lsa
050318_288009_02.tif,ln_reactive,lsa
050318_288009_05.tif,ln_reactive,lsa
062321_305454_01.tif,ln_reactive,lsa
062321_305454_10.tif,ln_reactive,lsa
