File Name,Prediction,Actual
020221_430825_01_01.tif,lsa,ln_reactive
020221_430825_01_02.tif,lsa,ln_reactive
020221_430825_01_03.tif,lsa,ln_reactive
020221_430825_01_04.tif,lsa,ln_reactive
020221_430825_01_05.tif,lsa,ln_reactive
020221_430825_01_06.tif,lsa,ln_reactive
020221_430825_01_07.tif,lsa,ln_reactive
020221_430825_01_08.tif,lsa,ln_reactive
020221_430825_01_09.tif,lsa,ln_reactive
020221_430825_01_10.tif,lsa,ln_reactive
021021_315664_05.tif,lsa,ln_reactive
021521_433130_02.tif,lsa,ln_reactive
021521_433130_06.tif,lsa,ln_reactive
021521_433130_07.tif,lsa,ln_reactive
021521_433130_08.tif,lsa,ln_reactive
032321_402737_01.tif,lsa,ln_reactive
032321_402737_02.tif,lsa,ln_reactive
032321_402737_03.tif,lsa,ln_reactive
032321_402737_05.tif,lsa,ln_reactive
032321_402737_06.tif,lsa,ln_reactive
032321_402737_08.tif,lsa,ln_reactive
032321_402737_09.tif,lsa,ln_reactive
042921_439393_01_05.tif,lsa,ln_reactive
051121_279883_02.tif,lsa,ln_reactive
051121_279883_03.tif,lsa,ln_reactive
051121_279883_04.tif,lsa,ln_reactive
051121_279883_06.tif,lsa,ln_reactive
060121_422357_08.tif,lsa,ln_reactive
060121_422357_09.tif,lsa,ln_reactive
060221_405236_01.tif,lsa,ln_reactive
060221_405236_02.tif,lsa,ln_reactive
060221_405236_06.tif,lsa,ln_reactive
040521_437200_05.tif,ln_reactive,lsa
040521_437200_07.tif,ln_reactive,lsa
050318_288009_02.tif,ln_reactive,lsa
050318_288009_03.tif,ln_reactive,lsa
050318_288009_05.tif,ln_reactive,lsa
050318_288009_06.tif,ln_reactive,lsa
050318_288009_07.tif,ln_reactive,lsa
050318_288009_08.tif,ln_reactive,lsa
050318_288009_09.tif,ln_reactive,lsa
050318_288009_10.tif,ln_reactive,lsa
