File Name,Prediction,Actual
011921_314092RPT_02.tif,t-lsa,b-lsa
011921_314092RPT_04.tif,t-lsa,b-lsa
011921_314092RPT_05.tif,t-lsa,b-lsa
011921_314092RPT_06.tif,t-lsa,b-lsa
011921_314092RPT_07.tif,t-lsa,b-lsa
031721_347259_01_04.tif,t-lsa,b-lsa
031721_347259_01_05.tif,t-lsa,b-lsa
031721_347259_01_07.tif,t-lsa,b-lsa
031721_347259_01_09.tif,t-lsa,b-lsa
041521_336650_01.tif,t-lsa,b-lsa
041521_336650_01_01.tif,t-lsa,b-lsa
041521_336650_01_02.tif,t-lsa,b-lsa
041521_336650_01_05.tif,t-lsa,b-lsa
041521_336650_01_08.tif,t-lsa,b-lsa
041521_336650_01_10.tif,t-lsa,b-lsa
041521_336650_02.tif,t-lsa,b-lsa
041521_336650_08.tif,t-lsa,b-lsa
041521_336650_09.tif,t-lsa,b-lsa
060618_349290LPS_10.tif,t-lsa,b-lsa
060923_500878LPT_01.tif,t-lsa,b-lsa
060923_500878LPT_02.tif,t-lsa,b-lsa
060923_500878LPT_03.tif,t-lsa,b-lsa
060923_500878LPT_04.tif,t-lsa,b-lsa
060923_500878LPT_05.tif,t-lsa,b-lsa
060923_500878LPT_06.tif,t-lsa,b-lsa
060923_500878LPT_07.tif,t-lsa,b-lsa
060923_500878LPT_08.tif,t-lsa,b-lsa
060923_500878LPT_09.tif,t-lsa,b-lsa
060923_500878LPT_10.tif,t-lsa,b-lsa
060923_500878RPT_01.tif,t-lsa,b-lsa
060923_500878RPT_02.tif,t-lsa,b-lsa
060923_500878RPT_03.tif,t-lsa,b-lsa
060923_500878RPT_04.tif,t-lsa,b-lsa
060923_500878RPT_05.tif,t-lsa,b-lsa
060923_500878RPT_06.tif,t-lsa,b-lsa
060923_500878RPT_07.tif,t-lsa,b-lsa
060923_500878RPT_08.tif,t-lsa,b-lsa
060923_500878RPT_09.tif,t-lsa,b-lsa
060923_500878RPT_10.tif,t-lsa,b-lsa
062123_500878RPT_01.tif,t-lsa,b-lsa
062123_500878RPT_03.tif,t-lsa,b-lsa
062123_500878RPT_04.tif,t-lsa,b-lsa
062123_500878RPT_05.tif,t-lsa,b-lsa
062123_500878RPT_06.tif,t-lsa,b-lsa
062123_500878RPT_07.tif,t-lsa,b-lsa
062123_500878RPT_08.tif,t-lsa,b-lsa
062123_500878RPT_09.tif,t-lsa,b-lsa
062123_500878RPT_10.tif,t-lsa,b-lsa
070620_415789_03.tif,t-lsa,b-lsa
070620_415789_06.tif,t-lsa,b-lsa
070620_415789_07.tif,t-lsa,b-lsa
070620_415789_10.tif,t-lsa,b-lsa
090820_399564LM_01.tif,t-lsa,b-lsa
090820_399564LM_02.tif,t-lsa,b-lsa
090820_399564LM_05.tif,t-lsa,b-lsa
090820_399564LM_06.tif,t-lsa,b-lsa
090820_399564LM_07.tif,t-lsa,b-lsa
111419_396300LPS_02.tif,t-lsa,b-lsa
111419_396300LPS_04.tif,t-lsa,b-lsa
111419_396300LPS_05.tif,t-lsa,b-lsa
111419_396300LPS_08.tif,t-lsa,b-lsa
062520_414573_01.tif,b-lsa,t-lsa
062520_414573_02.tif,b-lsa,t-lsa
062520_414573_03.tif,b-lsa,t-lsa
062520_414573_04.tif,b-lsa,t-lsa
062520_414573_05.tif,b-lsa,t-lsa
062520_414573_06.tif,b-lsa,t-lsa
062520_414573_08.tif,b-lsa,t-lsa
062520_414573_09.tif,b-lsa,t-lsa
062520_414573_10.tif,b-lsa,t-lsa
070522_474823_02.tif,b-lsa,t-lsa
070522_474823_03.tif,b-lsa,t-lsa
070522_474823_06.tif,b-lsa,t-lsa
070522_474823_09.tif,b-lsa,t-lsa
070522_474823_10.tif,b-lsa,t-lsa
101920_424231RN_01.tif,b-lsa,t-lsa
101920_424231RN_02.tif,b-lsa,t-lsa
101920_424231RN_03.tif,b-lsa,t-lsa
101920_424231RN_04.tif,b-lsa,t-lsa
101920_424231RN_05.tif,b-lsa,t-lsa
101920_424231RN_06.tif,b-lsa,t-lsa
101920_424231RN_07.tif,b-lsa,t-lsa
101920_424231RN_08.tif,b-lsa,t-lsa
101920_424231RN_09.tif,b-lsa,t-lsa
101920_424231RN_10.tif,b-lsa,t-lsa
110519_325786_01.tif,b-lsa,t-lsa
110519_325786_04.tif,b-lsa,t-lsa
110519_325786_05.tif,b-lsa,t-lsa
110519_325786_06.tif,b-lsa,t-lsa
110519_325786_07.tif,b-lsa,t-lsa
110519_325786_08.tif,b-lsa,t-lsa
110519_325786_09.tif,b-lsa,t-lsa
