File Name,Prediction,Actual
031918_329630LPT_04.tif,t-lsa,b-lsa
031918_329630LPT_06.tif,t-lsa,b-lsa
031918_329630LPT_08.tif,t-lsa,b-lsa
031918_329630LPT_10.tif,t-lsa,b-lsa
031918_329630RPS_01.tif,t-lsa,b-lsa
041521_336650_01_02.tif,t-lsa,b-lsa
041521_336650_02.tif,t-lsa,b-lsa
060618_349290LPS_02.tif,t-lsa,b-lsa
060618_349290LPS_10.tif,t-lsa,b-lsa
060923_500878LPT_01.tif,t-lsa,b-lsa
060923_500878LPT_02.tif,t-lsa,b-lsa
060923_500878LPT_03.tif,t-lsa,b-lsa
060923_500878LPT_04.tif,t-lsa,b-lsa
060923_500878LPT_05.tif,t-lsa,b-lsa
060923_500878LPT_06.tif,t-lsa,b-lsa
060923_500878LPT_07.tif,t-lsa,b-lsa
060923_500878LPT_08.tif,t-lsa,b-lsa
060923_500878LPT_09.tif,t-lsa,b-lsa
060923_500878LPT_10.tif,t-lsa,b-lsa
060923_500878RPT_01.tif,t-lsa,b-lsa
060923_500878RPT_02.tif,t-lsa,b-lsa
060923_500878RPT_03.tif,t-lsa,b-lsa
060923_500878RPT_04.tif,t-lsa,b-lsa
060923_500878RPT_05.tif,t-lsa,b-lsa
060923_500878RPT_06.tif,t-lsa,b-lsa
060923_500878RPT_07.tif,t-lsa,b-lsa
060923_500878RPT_08.tif,t-lsa,b-lsa
060923_500878RPT_09.tif,t-lsa,b-lsa
060923_500878RPT_10.tif,t-lsa,b-lsa
062123_500878RPT_01.tif,t-lsa,b-lsa
062123_500878RPT_02.tif,t-lsa,b-lsa
062123_500878RPT_03.tif,t-lsa,b-lsa
062123_500878RPT_04.tif,t-lsa,b-lsa
062123_500878RPT_05.tif,t-lsa,b-lsa
062123_500878RPT_06.tif,t-lsa,b-lsa
062123_500878RPT_07.tif,t-lsa,b-lsa
062123_500878RPT_08.tif,t-lsa,b-lsa
062123_500878RPT_09.tif,t-lsa,b-lsa
062123_500878RPT_10.tif,t-lsa,b-lsa
070620_415789_06.tif,t-lsa,b-lsa
070620_415789_09.tif,t-lsa,b-lsa
090820_399564LM_02.tif,t-lsa,b-lsa
090820_399564LM_06.tif,t-lsa,b-lsa
122517_352218RPT_01.tif,t-lsa,b-lsa
122517_352218RPT_03.tif,t-lsa,b-lsa
122517_352218RPT_06.tif,t-lsa,b-lsa
122517_352218RPT_09.tif,t-lsa,b-lsa
122517_352218RPT_10.tif,t-lsa,b-lsa
062520_414573_06.tif,b-lsa,t-lsa
062520_414573_10.tif,b-lsa,t-lsa
070522_474823_01.tif,b-lsa,t-lsa
070522_474823_02.tif,b-lsa,t-lsa
070522_474823_03.tif,b-lsa,t-lsa
070522_474823_04.tif,b-lsa,t-lsa
070522_474823_05.tif,b-lsa,t-lsa
070522_474823_07.tif,b-lsa,t-lsa
070522_474823_08.tif,b-lsa,t-lsa
070522_474823_09.tif,b-lsa,t-lsa
070522_474823_10.tif,b-lsa,t-lsa
101920_424231RN_01.tif,b-lsa,t-lsa
101920_424231RN_02.tif,b-lsa,t-lsa
101920_424231RN_03.tif,b-lsa,t-lsa
101920_424231RN_04.tif,b-lsa,t-lsa
101920_424231RN_05.tif,b-lsa,t-lsa
101920_424231RN_06.tif,b-lsa,t-lsa
101920_424231RN_07.tif,b-lsa,t-lsa
101920_424231RN_08.tif,b-lsa,t-lsa
101920_424231RN_09.tif,b-lsa,t-lsa
101920_424231RN_10.tif,b-lsa,t-lsa
110519_325786_01.tif,b-lsa,t-lsa
110519_325786_03.tif,b-lsa,t-lsa
110519_325786_04.tif,b-lsa,t-lsa
110519_325786_05.tif,b-lsa,t-lsa
110519_325786_07.tif,b-lsa,t-lsa
110519_325786_08.tif,b-lsa,t-lsa
110519_325786_09.tif,b-lsa,t-lsa
