File Name,Prediction,Actual
031721_347259_09.tif,t-lsa,b-lsa
060618_349290LPS_02.tif,t-lsa,b-lsa
062123_500878RPT_04.tif,t-lsa,b-lsa
042619_383730RPT_03.tif,b-lsa,t-lsa
042619_383730RPT_04.tif,b-lsa,t-lsa
042619_383730RPT_06.tif,b-lsa,t-lsa
062520_414573_03.tif,b-lsa,t-lsa
062520_414573_04.tif,b-lsa,t-lsa
062520_414573_05.tif,b-lsa,t-lsa
062520_414573_06.tif,b-lsa,t-lsa
062520_414573_07.tif,b-lsa,t-lsa
062520_414573_08.tif,b-lsa,t-lsa
062520_414573_09.tif,b-lsa,t-lsa
062520_414573_10.tif,b-lsa,t-lsa
062823_485750LIG_01.tif,b-lsa,t-lsa
062823_485750LIG_02.tif,b-lsa,t-lsa
062823_485750LIG_03.tif,b-lsa,t-lsa
062823_485750LIG_04.tif,b-lsa,t-lsa
062823_485750LIG_05.tif,b-lsa,t-lsa
062823_485750LIG_06.tif,b-lsa,t-lsa
062823_485750LIG_07.tif,b-lsa,t-lsa
062823_485750LIG_08.tif,b-lsa,t-lsa
062823_485750LIG_10.tif,b-lsa,t-lsa
070522_474823_01.tif,b-lsa,t-lsa
070522_474823_02.tif,b-lsa,t-lsa
070522_474823_03.tif,b-lsa,t-lsa
070522_474823_04.tif,b-lsa,t-lsa
070522_474823_05.tif,b-lsa,t-lsa
070522_474823_08.tif,b-lsa,t-lsa
070522_474823_09.tif,b-lsa,t-lsa
070522_474823_10.tif,b-lsa,t-lsa
080417_307398RM_01.tif,b-lsa,t-lsa
080417_307398RM_02.tif,b-lsa,t-lsa
080417_307398RM_03.tif,b-lsa,t-lsa
080417_307398RM_04.tif,b-lsa,t-lsa
080417_307398RM_05.tif,b-lsa,t-lsa
080417_307398RM_06.tif,b-lsa,t-lsa
080417_307398RM_07.tif,b-lsa,t-lsa
080417_307398RM_08.tif,b-lsa,t-lsa
080417_307398RM_09.tif,b-lsa,t-lsa
080417_307398RM_10.tif,b-lsa,t-lsa
101920_424231RN_01.tif,b-lsa,t-lsa
101920_424231RN_02.tif,b-lsa,t-lsa
101920_424231RN_03.tif,b-lsa,t-lsa
101920_424231RN_04.tif,b-lsa,t-lsa
101920_424231RN_05.tif,b-lsa,t-lsa
101920_424231RN_06.tif,b-lsa,t-lsa
101920_424231RN_07.tif,b-lsa,t-lsa
101920_424231RN_08.tif,b-lsa,t-lsa
101920_424231RN_09.tif,b-lsa,t-lsa
101920_424231RN_10.tif,b-lsa,t-lsa
110519_325786_01.tif,b-lsa,t-lsa
110519_325786_02.tif,b-lsa,t-lsa
110519_325786_03.tif,b-lsa,t-lsa
110519_325786_04.tif,b-lsa,t-lsa
110519_325786_05.tif,b-lsa,t-lsa
110519_325786_06.tif,b-lsa,t-lsa
110519_325786_07.tif,b-lsa,t-lsa
110519_325786_08.tif,b-lsa,t-lsa
110519_325786_09.tif,b-lsa,t-lsa
110519_325786_10.tif,b-lsa,t-lsa
